code,implant_share_pct,medicare_rate,medicare_implant_amount
0200T,30.06,7413.38,2228.46
0202T,61.49,13116.76,8065.50
0219T,67.31,13116.76,8828.89
0220T,44.95,13116.76,5895.98
0221T,63.18,7413.38,4683.77
0237T,54.01,11794.23,6370.06
0238T,46.98,18728.69,8798.74
0253T,49.19,4222.95,2077.27
0308T,41.62,16817.36,6999.39
0335T,35.14,7413.38,2605.06
0338T,72.99,5814.84,4244.25
0339T,60.27,5814.84,3504.60
0408T,76.24,32068.73,24449.20
0409T,62.02,22725.36,14094.27
0411T,41.11,8454.63,3475.70
0414T,63.95,22725.36,14532.87
0440T,63.52,1995.02,1267.24
0441T,61.54,1995.02,1227.74
0442T,57.72,8965.93,5175.13
0449T,51.91,5436.56,2822.12
0505T,61.37,11794.23,7238.12
0511T,39.64,7413.38,2938.66
0515T,58.43,22725.36,13278.43
0516T,61.73,10678.38,6591.76
0517T,74.20,10678.38,7923.36
0520T,45.94,10678.38,4905.65
0524T,38.95,3225.87,1256.48
0525T,80.35,19678.89,15811.99
0526T,66.47,8454.63,5619.79
0527T,63.50,8454.63,5368.69
0571T,70.39,32068.73,22573.18
0572T,50.11,8454.63,4236.62
0581T,50.72,4000.24,2028.92
0583T,31.00,1585.19,491.41
0587T,84.61,6511.03,5508.98
0594T,69.42,7413.38,5146.37
0600T,56.53,10860.07,6139.20
0601T,54.73,10860.07,5943.72
0614T,85.04,22725.36,19325.65
0620T,74.16,45000.50,33372.37
0621T,76.11,4222.95,3214.09
0627T,84.76,13116.76,11117.77
0629T,95.58,13116.76,12537.00
0644T,59.09,5814.84,3435.99
0651T,44.91,926.63,416.15
0656T,57.97,17913.59,10384.51
0657T,57.97,17913.59,10384.51
0671T,65.54,5436.56,3563.12
0674T,77.23,31526.06,24347.58
0675T,31.00,11384.04,3529.05
0677T,31.00,10860.07,3366.62
0680T,80.15,19820.31,15885.98
0707T,47.67,3342.87,1593.55
0737T,51.26,13116.76,6723.65
0784T,69.62,11384.04,7925.57
0786T,63.54,11384.04,7233.42
0790T,57.97,17913.59,10384.51
0795T,57.70,19678.89,11354.72
0796T,73.75,19678.89,14513.18
0797T,66.36,19678.89,13058.91
0799T,34.48,3225.87,1112.28
0801T,61.76,19678.89,12153.68
0802T,51.88,19678.89,10209.41
0803T,64.85,19678.89,12761.76
0816T,89.29,19820.31,17697.55
0817T,88.23,19820.31,17487.46
0823T,68.35,19678.89,13450.52
0869T,57.49,3342.87,1921.82
0884T,33.27,6202.39,2063.54
0885T,33.27,6202.39,2063.54
0886T,33.27,6202.39,2063.54
0908T,82.17,31526.06,25904.96
0909T,82.17,31526.06,25904.96
0913T,37.16,11794.23,4382.74
0915T,69.46,32068.73,22274.94
0916T,67.33,22725.36,15300.98
0917T,66.47,8454.63,5619.79
0918T,66.47,8454.63,5619.79
0923T,67.33,22725.36,15300.98
0933T,31.00,3312.15,1026.77
0950T,46.77,9671.50,4523.36
0956T,31.00,27721.73,8593.74
0960T,31.00,27721.73,8593.74
0963T,31.00,1222.56,378.99
0967T,31.00,1222.56,378.99
0970T,31.00,4000.24,1240.07
0971T,31.00,4000.24,1240.07
0981T,53.08,18728.69,9941.19
0991T,46.77,9671.50,4523.36
10035,48.30,723.47,349.44
1003T,44.95,13116.76,5895.98
1012T,31.00,4222.95,1309.11
1013T,80.15,19820.31,15885.98
19105,50.40,4000.24,2016.12
19281,49.20,1687.37,830.19
19283,55.15,723.47,398.99
19285,54.08,723.47,391.25
19287,38.35,723.47,277.45
19298,42.11,14079.44,5928.85
19357,32.36,14079.44,4556.11
20661,31.00,1642.82,509.27
20664,31.00,1642.82,509.27
20690,36.18,7413.38,2682.16
20692,44.68,13116.76,5860.57
20696,48.32,27721.73,13395.14
20802,57.97,17913.59,10384.51
20805,57.97,17913.59,10384.51
20808,57.97,17913.59,10384.51
20816,31.00,1642.82,509.27
20824,31.00,1642.82,509.27
20838,57.97,17913.59,10384.51
20900,34.72,7413.38,2573.93
20955,31.00,7413.38,2298.15
20956,31.00,7413.38,2298.15
20957,31.00,7413.38,2298.15
20962,31.00,7413.38,2298.15
20969,31.00,7413.38,2298.15
20970,38.43,7413.38,2848.96
20973,45.06,7413.38,3340.47
20983,44.50,7413.38,3298.95
21121,52.78,3387.27,1787.80
21125,52.00,6048.05,3144.99
21145,36.48,6048.05,2206.33
21146,31.00,6048.05,1874.90
21147,69.71,6048.05,4216.10
21151,31.00,6048.05,1874.90
21154,31.00,6048.05,1874.90
21155,31.00,6048.05,1874.90
21159,31.00,6048.05,1874.90
21160,31.00,6048.05,1874.90
21179,31.00,6048.05,1874.90
21180,31.00,6048.05,1874.90
21182,31.00,6048.05,1874.90
21183,31.00,6048.05,1874.90
21184,31.00,6048.05,1874.90
21188,31.00,6048.05,1874.90
21194,31.71,6048.05,1917.84
21195,32.27,6048.05,1951.71
21243,51.69,27721.73,14329.36
21244,35.59,6048.05,2152.50
21245,50.57,6048.05,3058.50
21246,75.79,6048.05,4583.82
21255,42.54,6048.05,2572.84
21267,43.65,6048.05,2639.97
21268,31.00,6048.05,1874.90
21343,35.57,6048.05,2151.29
21347,30.90,6048.05,1868.85
21348,31.00,6048.05,1874.90
21366,32.97,6048.05,1994.04
21422,33.30,6048.05,2014.00
21423,47.96,6048.05,2900.64
21431,31.00,6048.05,1874.90
21432,31.00,6048.05,1874.90
21433,42.41,6048.05,2564.98
21435,31.00,6048.05,1874.90
21436,31.00,6048.05,1874.90
21461,34.01,6048.05,2056.94
21462,32.88,6048.05,1988.60
21465,31.90,6048.05,1929.33
21470,35.01,6048.05,2117.42
21602,31.00,7413.38,2298.15
21603,31.00,7413.38,2298.15
21685,34.84,6048.05,2107.14
21740,31.00,7413.38,2298.15
21742,66.98,3342.87,2239.05
21743,35.23,3342.87,1177.69
21750,31.00,7413.38,2298.15
21812,48.81,7413.38,3618.47
21813,46.03,1642.82,756.19
21825,31.20,7413.38,2312.97
22210,31.00,7413.38,2298.15
22214,65.97,7413.38,4890.61
22220,80.20,7413.38,5945.53
22319,44.95,13116.76,5895.98
22325,46.65,13116.76,6118.97
22327,49.08,13116.76,6437.71
22548,44.95,13116.76,5895.98
22551,40.75,13116.76,5345.08
22554,38.46,13116.76,5044.71
22556,50.08,17913.59,8971.13
22558,54.16,27721.73,15014.09
22586,57.97,17913.59,10384.51
22590,32.65,13116.76,4282.62
22600,49.78,17913.59,8917.39
22610,49.45,17913.59,8858.27
22612,47.35,17913.59,8482.08
22630,56.63,27721.73,15698.82
22633,57.93,27721.73,16059.20
22800,61.56,17913.59,11027.61
22802,57.97,17913.59,10384.51
22804,56.27,17913.59,10079.98
22808,55.71,17913.59,9979.66
22810,62.20,17913.59,11142.25
22812,57.97,17913.59,10384.51
22836,57.97,17913.59,10384.51
22837,57.97,17913.59,10384.51
22838,57.97,17913.59,10384.51
22849,43.21,13116.76,5667.75
22856,49.44,17913.59,8856.48
22857,59.92,17913.59,10733.82
22861,36.11,17913.59,6468.60
22862,60.40,17913.59,10819.81
22867,53.54,17913.59,9590.94
22869,73.92,13116.76,9695.91
22899,53.42,252.01,134.62
23170,46.61,3342.87,1558.11
23172,37.16,3342.87,1242.21
23195,36.98,7413.38,2741.47
23450,39.89,7413.38,2957.20
23455,33.30,7413.38,2468.66
23460,42.06,7413.38,3118.07
23470,52.65,13116.76,6905.97
23472,58.66,17913.59,10508.11
23473,45.65,13116.76,5987.80
23474,55.84,13116.76,7324.40
23485,42.21,13116.76,5536.58
23491,36.04,13116.76,4727.28
23515,36.55,7413.38,2709.59
23530,33.31,7413.38,2469.40
23550,33.52,7413.38,2484.96
23552,36.29,7413.38,2690.32
23585,39.26,7413.38,2910.49
23615,41.74,13116.76,5474.94
23616,52.64,17913.59,9429.71
23630,34.50,7413.38,2557.62
23680,39.93,13116.76,5237.52
24155,42.85,3342.87,1432.42
24331,39.34,7413.38,2916.42
24344,31.33,7413.38,2322.61
24360,42.19,7413.38,3127.71
24361,61.09,17913.59,10943.41
24362,49.18,13116.76,6450.82
24363,57.65,17913.59,10327.18
24365,51.38,13116.76,6739.39
24366,53.47,13116.76,7013.53
24370,40.30,13116.76,5286.05
24371,49.08,17913.59,8791.99
24430,39.06,13116.76,5123.41
24435,40.99,13116.76,5376.56
24498,31.24,13116.76,4097.68
24515,35.44,13116.76,4648.58
24516,36.37,13116.76,4770.57
24545,40.81,13116.76,5352.95
24546,43.54,13116.76,5711.04
24575,34.06,13116.76,4467.57
24579,34.22,13116.76,4488.56
24582,32.10,7413.38,2379.69
24586,39.49,13116.76,5179.81
24587,44.85,13116.76,5882.87
24615,46.44,7413.38,3442.77
24635,37.12,7413.38,2751.85
24666,52.38,13116.76,6870.56
24685,31.91,7413.38,2365.61
24931,44.95,13116.76,5895.98
24940,44.95,13116.76,5895.98
25350,39.54,7413.38,2931.25
25390,34.19,7413.38,2534.63
25391,38.48,13116.76,5047.33
25400,38.82,7413.38,2877.87
25405,39.33,7413.38,2915.68
25415,44.96,7413.38,3333.06
25420,46.59,7413.38,3453.89
25426,37.01,3342.87,1237.20
25441,55.92,13116.76,7334.89
25442,56.04,17913.59,10038.78
25443,74.44,7413.38,5518.52
25444,66.86,13116.76,8769.87
25445,45.48,7413.38,3371.61
25446,68.87,17913.59,12337.09
25491,33.28,13116.76,4365.26
25515,30.73,7413.38,2278.13
25526,33.07,7413.38,2451.60
25545,30.04,7413.38,2226.98
25574,38.24,7413.38,2834.88
25575,35.65,7413.38,2642.87
25607,39.81,7413.38,2951.27
25608,40.23,7413.38,2982.40
25609,41.37,7413.38,3066.92
25652,38.16,7413.38,2828.95
25670,31.26,7413.38,2317.42
25800,42.72,7413.38,3167.00
25810,39.57,13116.76,5190.30
25820,38.89,7413.38,2883.06
25825,35.21,7413.38,2610.25
26250,50.74,3342.87,1696.17
26390,31.09,7413.38,2304.82
26518,35.20,7413.38,2609.51
26530,38.10,7413.38,2824.50
26531,45.38,7413.38,3364.19
26536,36.67,7413.38,2718.49
26541,35.67,3342.87,1192.40
26542,31.98,3342.87,1069.05
26551,31.00,7413.38,2298.15
26553,31.00,7413.38,2298.15
26554,31.00,7413.38,2298.15
26556,31.00,7413.38,2298.15
26568,54.22,7413.38,4019.53
27057,40.33,1642.82,662.55
27060,34.18,7413.38,2533.89
27067,48.16,7413.38,3570.28
27075,31.00,7413.38,2298.15
27098,32.26,3342.87,1078.41
27100,32.43,7413.38,2404.16
27105,51.77,3342.87,1730.60
27110,64.31,7413.38,4767.54
27120,44.95,13116.76,5895.98
27125,31.08,13116.76,4076.69
27130,47.25,13116.76,6197.67
27132,48.61,13116.76,6376.06
27134,43.76,13116.76,5739.89
27137,35.05,13116.76,4597.42
27138,39.21,13116.76,5143.08
27146,31.00,7413.38,2298.15
27147,31.00,7413.38,2298.15
27151,31.00,7413.38,2298.15
27156,31.00,7413.38,2298.15
27158,31.00,7413.38,2298.15
27161,31.00,7413.38,2298.15
27165,31.00,7413.38,2298.15
27170,35.41,7413.38,2625.08
27176,31.00,3342.87,1036.29
27177,31.00,3342.87,1036.29
27178,31.00,3342.87,1036.29
27181,31.00,7413.38,2298.15
27185,31.00,3342.87,1036.29
27187,43.78,7413.38,3245.58
27226,59.42,7413.38,4405.03
27228,50.38,7413.38,3734.86
27236,35.47,7413.38,2629.53
27244,32.80,7413.38,2431.59
27245,34.47,7413.38,2555.39
27259,31.00,3342.87,1036.29
27269,31.00,7413.38,2298.15
27278,71.90,17913.59,12879.87
27279,66.54,17913.59,11919.70
27280,61.21,17913.59,10964.91
27282,31.00,3342.87,1036.29
27284,30.87,13116.76,4049.14
27286,44.95,13116.76,5895.98
27303,31.00,3342.87,1036.29
27356,31.45,13116.76,4125.22
27357,57.32,7413.38,4249.35
27393,71.45,7413.38,5296.86
27397,53.82,7413.38,3989.88
27403,35.05,7413.38,2598.39
27415,60.10,13116.76,7883.17
27427,37.91,7413.38,2810.41
27428,31.72,13116.76,4160.64
27429,37.75,13116.76,4951.58
27440,35.37,13116.76,4639.40
27442,42.39,13116.76,5560.19
27443,50.43,13116.76,6614.78
27446,40.46,13116.76,5307.04
27447,43.46,13116.76,5700.54
27450,41.54,7413.38,3079.52
27454,31.00,7413.38,2298.15
27458,31.00,7413.38,2298.15
27465,31.00,7413.38,2298.15
27466,31.00,7413.38,2298.15
27477,37.17,7413.38,2755.55
27487,58.67,17913.59,10509.90
27488,33.22,13116.76,4357.39
27495,41.27,7413.38,3059.50
27506,35.03,7413.38,2596.91
27507,56.42,7413.38,4182.63
27509,43.40,7413.38,3217.41
27511,38.51,13116.76,5051.26
27513,39.44,13116.76,5173.25
27514,42.94,13116.76,5632.34
27519,31.00,7413.38,2298.15
27535,43.46,7413.38,3221.85
27536,43.33,7413.38,3212.22
27557,31.00,7413.38,2298.15
27558,31.00,7413.38,2298.15
27580,32.83,13116.76,4306.23
27637,31.48,7413.38,2333.73
27650,30.56,7413.38,2265.53
27652,44.07,7413.38,3267.08
27654,36.83,7413.38,2730.35
27665,36.38,7413.38,2696.99
27695,37.25,7413.38,2761.48
27696,44.15,7413.38,3273.01
27698,36.22,7413.38,2685.13
27700,56.85,7413.38,4214.51
27702,63.85,27721.73,17700.32
27703,63.89,17913.59,11444.99
27705,37.03,7413.38,2745.17
27709,49.51,13116.76,6494.11
27712,44.95,13116.76,5895.98
27713,31.00,7413.38,2298.15
27715,57.01,13116.76,7477.86
27720,37.77,7413.38,2800.03
27722,41.45,7413.38,3072.85
27724,53.20,7413.38,3943.92
27725,34.73,7413.38,2574.67
27726,37.28,7413.38,2763.71
27730,62.50,3342.87,2089.29
27745,33.19,7413.38,2460.50
27756,40.75,7413.38,3020.95
27758,42.62,13116.76,5590.36
27759,33.62,13116.76,4409.85
27769,34.13,7413.38,2530.19
27792,37.48,7413.38,2778.53
27814,37.25,7413.38,2761.48
27822,36.85,7413.38,2731.83
27823,36.27,7413.38,2688.83
27826,32.40,7413.38,2401.94
27827,39.00,13116.76,5115.54
27828,40.15,13116.76,5266.38
27829,38.72,7413.38,2870.46
27846,33.69,7413.38,2497.57
27848,31.93,7413.38,2367.09
27870,50.71,13116.76,6651.51
27871,45.54,13116.76,5973.37
27893,36.34,7413.38,2694.02
28102,41.32,7413.38,3063.21
28103,33.85,7413.38,2509.43
28106,35.41,7413.38,2625.08
28130,31.85,7413.38,2361.16
28202,40.94,7413.38,3035.04
28210,37.48,7413.38,2778.53
28291,40.62,7413.38,3011.31
28297,54.68,13116.76,7172.24
28298,31.20,7413.38,2312.97
28299,34.34,7413.38,2545.75
28300,34.96,7413.38,2591.72
28302,49.80,7413.38,3691.86
28305,48.18,7413.38,3571.77
28320,49.69,13116.76,6517.72
28322,37.73,7413.38,2797.07
28360,32.77,7413.38,2429.36
28415,35.87,7413.38,2659.18
28420,33.94,13116.76,4451.83
28445,30.27,7413.38,2244.03
28446,36.83,7413.38,2730.35
28465,32.06,7413.38,2376.73
28485,34.18,7413.38,2533.89
28531,39.96,7413.38,2962.39
28546,40.00,1642.82,657.13
28555,47.68,7413.38,3534.70
28585,34.38,7413.38,2548.72
28615,35.61,7413.38,2639.90
28705,53.62,17913.59,9605.27
28715,55.15,13116.76,7233.89
28725,48.61,13116.76,6376.06
28730,56.18,13116.76,7369.00
28735,54.85,13116.76,7194.54
28737,49.85,13116.76,6538.70
28740,49.98,7413.38,3705.21
28750,46.91,7413.38,3477.62
28760,31.44,7413.38,2330.77
29855,45.65,7413.38,3384.21
29856,47.61,13116.76,6244.89
29867,35.05,13116.76,4597.42
29888,38.06,7413.38,2821.53
29889,39.31,13116.76,5156.20
29899,40.26,7413.38,2984.63
29907,52.92,13116.76,6941.39
30468,37.95,6048.05,2295.23
31084,31.64,6048.05,1913.60
31087,48.68,6048.05,2944.19
31242,31.63,6048.05,1913.00
31243,37.87,6048.05,2290.40
31295,36.49,7210.32,2631.05
31636,45.06,7210.32,3248.97
31647,52.93,7210.32,3816.42
31660,56.83,7210.32,4097.62
31661,56.33,7210.32,4061.57
32994,44.14,10860.07,4793.63
33206,51.54,10678.38,5503.64
33207,52.46,10678.38,5601.88
33208,56.24,10678.38,6005.52
33212,55.80,8454.63,4717.68
33213,55.96,10678.38,5975.62
33214,57.54,10678.38,6144.34
33216,34.91,8454.63,2951.51
33217,42.97,8454.63,3632.95
33220,36.06,3817.90,1376.73
33221,57.42,19678.89,11299.62
33224,50.28,10678.38,5369.09
33226,37.33,3225.87,1204.22
33227,52.74,8454.63,4458.97
33228,54.36,10678.38,5804.77
33229,59.70,19678.89,11748.30
33230,67.37,22725.36,15310.08
33231,72.57,32068.73,23272.28
33240,64.90,22725.36,14748.76
33249,68.58,32068.73,21992.74
33262,66.65,22725.36,15146.45
33263,67.55,22725.36,15350.98
33264,70.50,32068.73,22608.45
33270,70.45,32068.73,22592.42
33271,77.24,8454.63,6530.36
33274,65.84,19678.89,12956.58
33275,60.21,3225.87,1942.30
33276,74.50,45000.50,33525.37
33279,61.41,3571.83,2193.46
33285,68.51,8454.63,5792.27
33287,76.95,31526.06,24259.30
33288,69.76,11384.04,7941.51
33289,76.77,29304.62,22497.16
33902,36.61,18728.69,6856.57
33903,61.25,11794.23,7223.97
33999,64.32,640.89,412.22
34201,36.53,5685.01,2076.73
34203,36.22,5685.01,2059.11
34421,64.10,3225.87,2067.78
35372,48.20,5685.01,2740.17
35881,30.67,5685.01,1743.59
36253,37.02,5685.01,2104.59
36260,67.23,5685.01,3822.03
36261,46.14,3817.90,1761.58
36640,41.10,3225.87,1325.83
36835,49.43,3225.87,1594.55
36836,47.04,18728.69,8809.98
36837,39.91,18728.69,7474.62
36903,50.30,11794.23,5932.50
36904,33.56,5814.84,1951.46
36906,49.29,18728.69,9231.37
37182,61.03,18728.69,11430.12
37183,35.00,5814.84,2035.19
37184,52.24,18728.69,9783.87
37187,58.86,11794.23,6942.08
37188,50.18,3225.87,1618.74
37191,40.72,5685.01,2314.94
37211,42.46,5685.01,2413.86
37236,40.68,11794.23,4797.89
37238,44.66,11794.23,5267.30
37241,37.64,11794.23,4439.35
37242,43.28,18728.69,8105.78
37244,30.15,11794.23,3555.96
37246,32.07,5814.84,1864.82
37258,44.43,11794.23,5240.18
37260,44.43,11794.23,5240.18
37263,39.81,5814.84,2314.89
37265,39.81,5814.84,2314.89
37267,49.38,11794.23,5823.99
37269,49.38,11794.23,5823.99
37271,54.06,18728.69,10124.73
37273,54.06,18728.69,10124.73
37275,56.36,18728.69,10555.49
37277,56.36,18728.69,10555.49
37280,33.48,11794.23,3948.71
37282,33.48,11794.23,3948.71
37284,43.83,18728.69,8208.78
37286,43.83,18728.69,8208.78
37288,49.39,18728.69,9250.10
37290,49.39,18728.69,9250.10
37292,50.41,18728.69,9441.13
37294,50.41,18728.69,9441.13
37296,33.48,11794.23,3948.71
37298,33.48,11794.23,3948.71
41512,32.35,6048.05,1956.54
43210,54.60,10860.07,5929.60
43212,51.42,6202.39,3189.27
43229,51.03,3938.98,2010.06
43240,62.06,6202.39,3849.20
43257,45.95,3938.98,1809.96
43266,56.89,6202.39,3528.54
43270,34.62,1960.47,678.71
43274,31.95,6202.39,1981.66
43276,33.21,6202.39,2059.81
43284,46.72,10860.07,5073.82
43290,49.72,1960.47,974.75
43647,69.55,11384.04,7917.60
43770,36.68,10860.07,3983.47
44370,64.05,6202.39,3972.63
44379,67.93,6202.39,4213.28
44402,72.56,6202.39,4500.45
45327,65.95,6202.39,4090.48
45347,63.88,6202.39,3962.09
45389,65.61,6202.39,4069.39
46707,39.55,2835.78,1121.55
47383,55.47,10860.07,6024.08
47384,56.53,10860.07,6139.20
47538,44.66,6176.47,2758.41
47539,31.32,6176.47,1934.47
47540,42.32,6176.47,2613.88
47556,31.29,10860.07,3398.12
50593,47.64,10860.07,5173.74
50970,39.67,3601.33,1428.65
51715,42.65,3601.33,1535.97
51992,37.14,6176.47,2293.94
52284,46.51,5477.93,2547.79
52327,45.48,5477.93,2491.36
52443,57.95,9671.50,5604.63
52597,44.78,9671.50,4330.90
53440,64.32,13479.22,8669.83
53444,65.48,21175.04,13865.42
53445,70.45,21175.04,14917.82
53447,67.22,21175.04,14233.86
53451,68.38,13479.22,9217.09
53452,63.67,9671.50,6157.84
53601,52.75,135.93,71.70
53855,64.46,2135.66,1376.65
53865,56.83,9671.50,5496.31
54400,67.66,13479.22,9120.04
54401,68.96,21175.04,14602.31
54405,70.44,21175.04,14915.70
54410,65.33,21175.04,13833.65
54411,66.27,21175.04,14032.70
54416,66.18,21175.04,14013.64
54417,61.80,21175.04,13086.17
54660,45.40,5477.93,2486.98
55873,48.71,9671.50,4710.99
55874,57.36,5477.93,3142.14
55876,35.19,1414.11,497.63
55877,56.53,10860.07,6139.20
57288,30.35,5110.80,1551.13
58580,42.05,7576.05,3185.73
59072,40.64,311.33,126.52
61623,33.08,11794.23,3901.53
61624,53.30,18728.69,9982.39
61626,38.83,11794.23,4579.70
61885,86.99,31526.06,27424.52
61886,82.94,31526.06,26147.71
61888,48.33,11384.04,5501.91
61891,78.16,31526.06,24640.77
62330,58.97,7413.38,4371.67
62350,43.42,8965.93,3893.01
62351,30.82,7413.38,2284.80
62360,71.39,18414.24,13145.93
62361,71.34,18414.24,13136.72
62362,72.63,18414.24,13374.26
63610,57.23,1995.02,1141.75
63650,41.80,6511.03,2721.61
63655,59.65,19820.31,11822.81
63663,49.74,6511.03,3238.59
63664,45.29,11384.04,5155.83
63685,81.05,31526.06,25551.87
63741,36.18,8965.93,3243.87
63744,36.95,3490.14,1289.61
64416,30.32,903.63,273.98
64448,45.98,903.63,415.49
64553,54.08,11384.04,6156.49
64555,67.93,6511.03,4422.94
64561,41.13,6511.03,2677.99
64568,87.55,45000.50,39397.94
64569,67.47,11384.04,7680.81
64575,67.62,11384.04,7697.89
64580,49.61,19820.31,9832.86
64581,58.36,6511.03,3799.84
64582,80.81,31526.06,25476.21
64583,47.05,11384.04,5356.19
64590,80.46,19820.31,15947.42
64596,70.54,11384.04,8030.30
64628,51.56,13116.76,6763.00
64654,85.41,45000.50,38434.93
64655,31.00,3571.83,1107.27
64656,84.45,31526.06,26623.76
64728,31.00,1995.02,618.46
64891,39.25,8965.93,3519.13
64892,47.48,8965.93,4257.02
64897,80.54,8965.93,7221.16
64910,45.41,8965.93,4071.43
64912,53.33,8965.93,4781.53
65770,51.64,14820.30,7653.20
65780,30.83,4016.55,1238.30
65781,43.69,5436.56,2375.23
65785,35.36,4222.95,1493.24
66175,50.01,5436.56,2718.82
66179,34.45,5436.56,1872.89
66180,35.62,5436.56,1936.50
66183,51.15,4222.95,2160.04
66683,72.41,16817.36,12177.45
66989,49.31,5436.56,2680.77
66991,51.59,5436.56,2804.72
69705,44.11,6048.05,2667.79
69706,43.41,6048.05,2625.46
69714,60.90,13116.76,7988.11
69716,66.00,13116.76,8657.06
69717,59.78,7413.38,4431.72
69719,59.22,13116.76,7767.75
69729,64.12,13116.76,8410.47
69730,55.89,13116.76,7330.96
69930,76.00,33686.28,25601.57
75746,51.27,3225.87,1653.90
75870,37.37,3225.87,1205.51
75898,54.31,3225.87,1751.97
91040,44.18,381.24,168.43
92920,30.79,5814.84,1790.39
92924,56.35,11794.23,6646.05
92928,33.59,11794.23,3961.68
92930,53.08,18728.69,9941.19
92933,54.26,18728.69,10162.19
92937,33.20,11794.23,3915.68
92943,42.89,11794.23,5058.55
92945,37.16,11794.23,4382.74
92986,38.41,5814.84,2233.48
92987,44.72,11794.23,5274.38
92990,32.86,11794.23,3875.58
93580,68.80,18728.69,12885.34
93581,41.22,18728.69,7719.97
93582,49.99,18728.69,9362.47
93590,39.37,18728.69,7373.49
93591,40.91,18728.69,7661.91
93600,32.69,7968.60,2604.94
93602,32.34,7968.60,2577.05
93618,34.36,1243.91,427.41
93619,38.41,7968.60,3060.74
93620,31.07,7968.60,2475.84
93650,49.32,7968.60,3930.11
93653,45.68,26703.99,12198.38
93654,47.71,26703.99,12740.47
93656,53.95,26703.99,14406.80
94014,36.03,456.40,164.44
95938,43.01,877.34,377.34
95961,36.34,877.34,318.83
C8003,57.97,17913.59,10384.51
C8004,37.16,11794.23,4382.74
C8005,31.00,17500.50,5425.16
C8006,31.00,6614.04,2050.35
C9600,36.45,11794.23,4299.00
C9602,57.07,18728.69,10688.46
C9604,33.63,11794.23,3966.40
C9607,49.18,18728.69,9210.77
C9739,65.02,5477.93,3561.75
C9740,71.87,9671.50,6950.91
C9757,44.05,13116.76,5777.93
C9758,48.08,17500.50,8414.24
C9761,41.92,9671.50,4054.29
C9764,57.54,11794.23,6786.40
C9765,56.28,18728.69,10540.51
C9766,61.74,18728.69,11563.09
C9767,60.91,18728.69,11407.65
C9772,49.44,11794.23,5831.07
C9773,55.45,18728.69,10385.06
C9774,54.73,18728.69,10250.21
C9775,50.60,18728.69,9476.72
C9780,53.31,8250.50,4398.34
C9781,58.53,13116.76,7677.24
C9782,53.08,17500.50,9289.27
C9796,57.34,2835.78,1626.04
C9797,59.14,18728.69,11076.15
G0412,56.47,7413.38,4186.34
G0413,32.90,7413.38,2439.00
G0414,48.44,7413.38,3591.04
G0516,81.22,456.40,370.69
