pattern,canonical_payer,fallback,notes
^(discounted )?cash\b,Cash / Self-Pay,,
\bself ?pay\b,Cash / Self-Pay,,
\buninsured\b,Cash / Self-Pay,,
medi ?share,Health Sharing Ministries,,
christian care ministry,Health Sharing Ministries,,
health ?share\b,Health Sharing Ministries,,Trinity HealthShare etc.
\bamish\b,Amish / Plain Community,,
\bplain (church|community)\b,Amish / Plain Community,,
\banthem\b,Anthem Blue Cross Blue Shield,,Checked before out-of-state Blues so Anthem-run states (VA/KY/OH/...) stay here
\belevance\b,Anthem Blue Cross Blue Shield,,
\bunicare\b,Anthem Blue Cross Blue Shield,,Elevance brand
\bbcbs ?il\b,Blue Cross Blue Shield of Illinois,,
\bblue cross (blue shield )?(of )?il(linois)?\b,Blue Cross Blue Shield of Illinois,,
\bil(linois)? blue cross\b,Blue Cross Blue Shield of Illinois,,
\bbx ill\b,Blue Cross Blue Shield of Illinois,,
\bill(inois)? bx\b,Blue Cross Blue Shield of Illinois,,
\bbcbs il\b,Blue Cross Blue Shield of Illinois,,
\bblue (cross|shield) (al|ak|az|ar|ca|dc|de|fl|hi|id|ia|ks|la|md|ma|mi|mn|ms|mt|ne|nj|nm|nc|nd|ok|or|pa|ri|sc|sd|tn|tx|ut|vt|wa|wv|wy)\b,Blue Cross Blue Shield (Other States),,Two-letter state after the name
\b(highmark|horizon|carefirst|regence|premera|wellmark|excellus|independence blue|capital blue)\b,Blue Cross Blue Shield (Other States),,
\bblue care network\b,Blue Cross Blue Shield (Other States),,BCBS Michigan HMO
\bblue cross complete\b,Blue Cross Blue Shield (Other States),,Michigan Medicaid
\bblue benefit administrators\b,Blue Cross Blue Shield (Other States),,
\bhealthy blue\b,Blue Cross Blue Shield (Other States),,
\bblue plus\b,Blue Cross Blue Shield (Other States),,
\bmedi cal blue cross\b,Blue Cross Blue Shield (Other States),,
\bbcbs\b,Anthem Blue Cross Blue Shield,,"Generic BCBS: in Indiana, BlueCard claims are paid at Anthem's local rates"
\bblue (cross|shield)\b,Anthem Blue Cross Blue Shield,,
\bblue distinction\b,Anthem Blue Cross Blue Shield,,
^bc\b,Anthem Blue Cross Blue Shield,,"e.g. ""BC MCR Advantage PPO"""
\bvaccn\b,Veterans Affairs (VA),,Checked before UnitedHealthcare/Optum which administer VA CCN
\bva ccn\b,Veterans Affairs (VA),,
\bveterans\b,Veterans Affairs (VA),,
\bchampva\b,Veterans Affairs (VA),,
\btriwest\b,Veterans Affairs (VA),,
\bvapc\d*\b,Veterans Affairs (VA),,
^(node )?va$,Veterans Affairs (VA),,
\btricare\b,TRICARE,,
\bchampus\b,TRICARE,,
\bhumana military\b,TRICARE,,
\bworkers? comp,Workers' Compensation,,
\bwork comp\b,Workers' Compensation,,
^wc\b,Workers' Compensation,,
\bcorvel\b,Workers' Compensation,,
\bone call\b,Workers' Compensation,,
\balign (in )?networks?\b,Workers' Compensation,,
^align in work comp\b,Workers' Compensation,,
\bhfn\b,Workers' Compensation,,
\baccident fund\b,Workers' Compensation,,
\bthird party liability\b,Workers' Compensation,,
\bstate farm\b,Workers' Compensation,,Auto / medical payments
\b(us )?(department|dept) of labor\b,Workers' Compensation,,Federal workers' comp (OWCP)
\b(dept|department) of correction\b,Public Programs & Correctional Health,,
\bjail\b,Public Programs & Correctional Health,,
\bsheriffs?\b,Public Programs & Correctional Health,,
\bcounty (of|coroner|hlth|health)\b,Public Programs & Correctional Health,,
\bcoroner\b,Public Programs & Correctional Health,,
\bcounty of\b,Public Programs & Correctional Health,,
\bcriminal justice\b,Public Programs & Correctional Health,,
\bryan white\b,Public Programs & Correctional Health,,
\bbccp\b,Public Programs & Correctional Health,,
\bstate dept of health\b,Public Programs & Correctional Health,,
\bproject access\b,Public Programs & Correctional Health,,
\b(wexford|centurion|corizon|naphcare|quality correctional)\b,Public Programs & Correctional Health,,Correctional health vendors
\bsagamore\b,Sagamore Health Network,,"Checked before Cigna: ""Sagamore Health Network/Cigna"" is the Sagamore network"
^sag\b,Sagamore Health Network,,
^sagx+\b,Sagamore Health Network,,
\bencore\b,Encore Health Network,,
\bencircle\b,Encore Health Network,,
^enc\b,Encore Health Network,,
\bunited ?health ?care\b,UnitedHealthcare,,
\bunited ?health\b,UnitedHealthcare,,
\buhc\b,UnitedHealthcare,,
\bumr\b,UnitedHealthcare,,UMR = United Medical Resources (UHC's TPA)
\bunited medical resources\b,UnitedHealthcare,,
\bgolden rule\b,UnitedHealthcare,,
\ball savers\b,UnitedHealthcare,,
\baarp\b,UnitedHealthcare,,
\bsecure horizons\b,UnitedHealthcare,,
\bpacificare\b,UnitedHealthcare,,
\bcare improvement plus\b,UnitedHealthcare,,
\bwellmed\b,UnitedHealthcare,,
\boptum\b,UnitedHealthcare,,
\bsurest\b,UnitedHealthcare,,
\bcompass rose\b,UnitedHealthcare,,
\bunited (choice plus|options|core|navigate|charter|bind|medicare|passport|all payers?|golden rule|nexus)\b,UnitedHealthcare,,"Only UHC product names: ""United American""/""United Security"" etc. are different insurers"
\baetna\b,Aetna,,
\bmeritain\b,Aetna,,Aetna-owned TPA
\bcigna\b,Cigna,,
\bconnecticut general\b,Cigna,,
\bhealthspring\b,Cigna,,Cigna's former Medicare brand (sold to HCSC in 2025)
\bhumana\b,Humana,,
\bchoice ?care\b,Humana,,Humana ChoiceCare network
\bhealthy horizons\b,Humana,,
\boak street\b,Humana,,
\blife ?synch\b,Humana,,
\bmhs\b,Centene (MHS / Ambetter / Wellcare),,
\bmanaged health services?\b,Centene (MHS / Ambetter / Wellcare),,
\bambetter\b,Centene (MHS / Ambetter / Wellcare),,
\ballwell\b,Centene (MHS / Ambetter / Wellcare),,
\bwellcare\b,Centene (MHS / Ambetter / Wellcare),,
\bcenpatico\b,Centene (MHS / Ambetter / Wellcare),,
\bmeridian(care|complete| health| medicaid)?\b,Centene (MHS / Ambetter / Wellcare),,
\bbuckeye\b,Centene (MHS / Ambetter / Wellcare),,
\bcentene\b,Centene (MHS / Ambetter / Wellcare),,
\bhealth net\b,Centene (MHS / Ambetter / Wellcare),,
\bcare ?source\b,CareSource,,
\bjust ?(4|for) ?me\b,CareSource,,CareSource Marketplace brand
\bmd ?wise\b,MDwise,,
\bmolina\b,Molina Healthcare,,
\bpassport\b,Molina Healthcare,,Passport by Molina (Kentucky)
\bphysicians health plan\b,Physicians Health Plan (PHP),,
\bp?php\b,Physicians Health Plan (PHP),,
\biu health\b,IU Health Plans,,
\biuhp\b,IU Health Plans,,
\bindiana university( health)?$,IU Health Plans,,
\biu medicare\b,IU Health Plans,,
\bmedical mutual\b,Medical Mutual of Ohio,,
\bpriority health\b,Priority Health,,
\bdevoted\b,Medicare Advantage (Other Plans),,
\bzing\b,Medicare Advantage (Other Plans),,
\bprovider partners\b,Medicare Advantage (Other Plans),,
\bcommunicare\b,Medicare Advantage (Other Plans),,
\bmy ?tru ?advantage\b,Medicare Advantage (Other Plans),,
\bmy true advantage\b,Medicare Advantage (Other Plans),,
\bascension complete\b,Medicare Advantage (Other Plans),,
\bmedigold\b,Medicare Advantage (Other Plans),,
\btoday ?s option\b,Medicare Advantage (Other Plans),,
\bmultiplan\b,MultiPlan (PHCS / Claritev),,
\bmulitplan\b,MultiPlan (PHCS / Claritev),,Common misspelling
\bphcs\b,MultiPlan (PHCS / Claritev),,
\bclaritev\b,MultiPlan (PHCS / Claritev),,
\bbeech ?street\b,MultiPlan (PHCS / Claritev),,
\bviant\b,MultiPlan (PHCS / Claritev),,
\bprivate (health ?care|hc) systems?\b,MultiPlan (PHCS / Claritev),,
\bfirst health\b,First Health / Coventry,,
\bcoventry\b,First Health / Coventry,,
\bcofinity\b,Cofinity (PPOM),,
\bppom\b,Cofinity (PPOM),,
\bhealth ?link\b,HealthLink,,
\blutheran\b,Lutheran Health Network,,
\bthree rivers( preferred)?\b,Lutheran Health Network,,
\bsiho\b,SIHO Insurance Services,,
\bsoutheast[er]m? indiana health\b,SIHO Insurance Services,,
\bsuburban\b,Suburban Health Organization,,
\bindiana health network\b,Indiana Health Network (IHN),,
\bihn\b,Indiana Health Network (IHN),,
\bgoshen preferred\b,Goshen Preferred Network,,
\bpat(oka)? valley\b,Patoka Valley Health Care Cooperative,,
\bprime health\b,Prime Health Services,,
\badvantage health( solutions)?\b,Advantage Health Solutions,,
\bcommunity health alliance\b,Community Health Alliance,,
\bcomm hlth alliance\b,Community Health Alliance,,
\bcommunity health direct\b,Community Health Direct,,
\bparkview\b,Parkview Health Plans (Signature Care),,
\bsignature( care)?\b,Parkview Health Plans (Signature Care),,
\ballied benefit\b,Allied Benefit Systems,,
\bameriben\b,AmeriBen,,
\bauxiant\b,Auxiant,,
\bhealthscope\b,HealthScope Benefits,,
\bkey benefit\b,Key Benefit Administrators,,
\bluminare\b,Luminare Health,,
\bunified group services\b,Unified Group Services,,
\bugs\b,Unified Group Services,,
\bweb ?tpa\b,WebTPA,,
\bmedicare (replacement|advantage|adv|hmo|ppo|managed|choice|select)\b,Medicare Advantage (Unspecified),yes,Named carriers are matched first; this only catches unnamed MA lines
\bmcr (adv|replacement)\b,Medicare Advantage (Unspecified),yes,
\bmanaged medicare\b,Medicare Advantage (Unspecified),yes,
\bmc replacement\b,Medicare Advantage (Unspecified),yes,
^(node |traditional )?medicare( (traditional|non par|rehab|psych|temp plan|alternate payor|rr retired|puerto rico|ip|op|asc|swing bed|\d))?$,Medicare (Traditional),yes,Whitelist: bare Medicare lines
\bmedicare part [ab]\b,Medicare (Traditional),yes,
^part [ab]$,Medicare (Traditional),yes,
\brailroad\b,Medicare (Traditional),yes,Railroad Retirement Board Medicare
\bmedicare\b,Medicare Advantage (Unspecified),yes,"Any other ""<name> MEDICARE"" is a Medicare Advantage carrier (e.g. Harvard Pilgrim, UCare, Fidelis)"
\bmedicaid\b,Medicaid (State Program),yes,
\bmcaid\b,Medicaid (State Program),yes,
\b(in )?mcd\b,Medicaid (State Program),yes,
\bmdc\b,Medicaid (State Program),yes,
^medi\b,Medicaid (State Program),yes,
\bhealthy indiana\b,Medicaid (State Program),yes,
\bhip\b,Medicaid (State Program),yes,
\bhoosier healthwise\b,Medicaid (State Program),yes,
\bpresumptive\b,Medicaid (State Program),yes,
\bcommercial\b,Commercial (Unspecified),yes,
\bmanaged care\b,Commercial (Unspecified),yes,
\bgeneric\b,Commercial (Unspecified),yes,
\breference based pricing\b,Commercial (Unspecified),yes,
\bgroup ins(urance)?\b,Commercial (Unspecified),yes,
^default$,Commercial (Unspecified),yes,
